name,city,rating,review_count,address,phone,url
La Azteca Tortilleria,Los Angeles,4.4,1949,"4538 E Cesar E Chavez Ave Los Angeles, CA 90022",+13232625977,https://www.yelp.com/biz/la-azteca-tortilleria-los-angeles?adjust_creative=kB3jQpdiKc9lL6CIZgA-eA&utm_campaign=yelp_api_v3&utm_medium=api_v3_business_search&utm_source=kB3jQpdiKc9lL6CIZgA-eA
WAKE AND LATE,Los Angeles,4.2,1556,"105 East 6th St Los Angeles, CA 90014",+12135370820,https://www.yelp.com/biz/wake-and-late-los-angeles-5?adjust_creative=kB3jQpdiKc9lL6CIZgA-eA&utm_campaign=yelp_api_v3&utm_medium=api_v3_business_search&utm_source=kB3jQpdiKc9lL6CIZgA-eA
Tacos Villa Corona,Los Angeles,3.9,817,"3185 Glendale Blvd Los Angeles, CA 90039",+13236613458,https://www.yelp.com/biz/tacos-villa-corona-los-angeles?adjust_creative=kB3jQpdiKc9lL6CIZgA-eA&utm_campaign=yelp_api_v3&utm_medium=api_v3_business_search&utm_source=kB3jQpdiKc9lL6CIZgA-eA
Sonoratown,Los Angeles,4.4,2024,"208 E 8th St Los Angeles, CA 90014",+12132225071,https://www.yelp.com/biz/sonoratown-los-angeles?adjust_creative=kB3jQpdiKc9lL6CIZgA-eA&utm_campaign=yelp_api_v3&utm_medium=api_v3_business_search&utm_source=kB3jQpdiKc9lL6CIZgA-eA
Lupe's Burritos,Los Angeles,4.0,806,"4642 E 3rd St Los Angeles, CA 90022",+13232666881,https://www.yelp.com/biz/lupes-burritos-los-angeles?adjust_creative=kB3jQpdiKc9lL6CIZgA-eA&utm_campaign=yelp_api_v3&utm_medium=api_v3_business_search&utm_source=kB3jQpdiKc9lL6CIZgA-eA
Sonoritas Prime Tacos,Los Angeles,4.1,1946,"2004 Sawtelle Blvd Los Angeles, CA 90025",+13104449100,https://www.yelp.com/biz/sonoritas-prime-tacos-los-angeles?adjust_creative=kB3jQpdiKc9lL6CIZgA-eA&utm_campaign=yelp_api_v3&utm_medium=api_v3_business_search&utm_source=kB3jQpdiKc9lL6CIZgA-eA
Tacos Guelaguetza,Los Angeles,4.8,163,"5848 Melrose Ave Los Angeles, CA 90038",+13239846383,https://www.yelp.com/biz/tacos-guelaguetza-los-angeles?adjust_creative=kB3jQpdiKc9lL6CIZgA-eA&utm_campaign=yelp_api_v3&utm_medium=api_v3_business_search&utm_source=kB3jQpdiKc9lL6CIZgA-eA
Leo's Tacos Truck,Los Angeles,4.3,2404,"1515 S La Brea Ave Los Angeles, CA 90019",+13233462001,https://www.yelp.com/biz/leos-tacos-truck-los-angeles-11?adjust_creative=kB3jQpdiKc9lL6CIZgA-eA&utm_campaign=yelp_api_v3&utm_medium=api_v3_business_search&utm_source=kB3jQpdiKc9lL6CIZgA-eA
Brothers Cousins Tacos,Los Angeles,4.6,594,"11341 National Blvd Los Angeles, CA 90064",,https://www.yelp.com/biz/brothers-cousins-tacos-los-angeles?adjust_creative=kB3jQpdiKc9lL6CIZgA-eA&utm_campaign=yelp_api_v3&utm_medium=api_v3_business_search&utm_source=kB3jQpdiKc9lL6CIZgA-eA
Sonoratown,Los Angeles,4.3,294,"5610 San Vicente Blvd Los Angeles, CA 90019",+12132225071,https://www.yelp.com/biz/sonoratown-los-angeles-2?adjust_creative=kB3jQpdiKc9lL6CIZgA-eA&utm_campaign=yelp_api_v3&utm_medium=api_v3_business_search&utm_source=kB3jQpdiKc9lL6CIZgA-eA
Tacos El Venado,Los Angeles,4.5,55,"605 S Vermont Ave Los Angeles, CA 90005",,https://www.yelp.com/biz/tacos-el-venado-los-angeles-13?adjust_creative=kB3jQpdiKc9lL6CIZgA-eA&utm_campaign=yelp_api_v3&utm_medium=api_v3_business_search&utm_source=kB3jQpdiKc9lL6CIZgA-eA
Burritos Sahuayo,Los Angeles,4.7,40,"1ST And Western Ave Los Angeles, CA 90189",+13238073336,https://www.yelp.com/biz/burritos-sahuayo-los-angeles?adjust_creative=kB3jQpdiKc9lL6CIZgA-eA&utm_campaign=yelp_api_v3&utm_medium=api_v3_business_search&utm_source=kB3jQpdiKc9lL6CIZgA-eA
The Boss Burritos,Los Angeles,4.8,141,"2142 E Anaheim St Long Beach, CA 90804",+15623424073,https://www.yelp.com/biz/the-boss-burritos-long-beach-2?adjust_creative=kB3jQpdiKc9lL6CIZgA-eA&utm_campaign=yelp_api_v3&utm_medium=api_v3_business_search&utm_source=kB3jQpdiKc9lL6CIZgA-eA
Burritos La Palma,Los Angeles,4.5,50,"5200 Monte Vista St Los Angeles, CA 90042",+13237405624,https://www.yelp.com/biz/burritos-la-palma-los-angeles-4?adjust_creative=kB3jQpdiKc9lL6CIZgA-eA&utm_campaign=yelp_api_v3&utm_medium=api_v3_business_search&utm_source=kB3jQpdiKc9lL6CIZgA-eA
Benny's Tacos & Rotisserie Chicken,Los Angeles,4.5,3471,"7101 W Manchester Ave Los Angeles, CA 90045",+13106708226,https://www.yelp.com/biz/bennys-tacos-and-rotisserie-chicken-los-angeles?adjust_creative=kB3jQpdiKc9lL6CIZgA-eA&utm_campaign=yelp_api_v3&utm_medium=api_v3_business_search&utm_source=kB3jQpdiKc9lL6CIZgA-eA
Somos Oaxaca,Los Angeles,4.7,164,"3224 Venice Blvd Los Angeles, CA 90019",+13239980339,https://www.yelp.com/biz/somos-oaxaca-los-angeles?adjust_creative=kB3jQpdiKc9lL6CIZgA-eA&utm_campaign=yelp_api_v3&utm_medium=api_v3_business_search&utm_source=kB3jQpdiKc9lL6CIZgA-eA
Saby's Breakfast Burritos,Los Angeles,4.5,8,"8600 W Pico Blvd Los Angeles, CA 90035",+14243219192,https://www.yelp.com/biz/sabys-breakfast-burritos-los-angeles?adjust_creative=kB3jQpdiKc9lL6CIZgA-eA&utm_campaign=yelp_api_v3&utm_medium=api_v3_business_search&utm_source=kB3jQpdiKc9lL6CIZgA-eA
Provecho Calimex,Los Angeles,5.0,44,"3987 Sawtelle Blvd Los Angeles, CA 90066",+13108787336,https://www.yelp.com/biz/provecho-calimex-los-angeles?adjust_creative=kB3jQpdiKc9lL6CIZgA-eA&utm_campaign=yelp_api_v3&utm_medium=api_v3_business_search&utm_source=kB3jQpdiKc9lL6CIZgA-eA
K Pasa Taqueria,Los Angeles,4.7,77,"3958 West 6th St Los Angeles, CA 90020",+13233336527,https://www.yelp.com/biz/k-pasa-taqueria-los-angeles?adjust_creative=kB3jQpdiKc9lL6CIZgA-eA&utm_campaign=yelp_api_v3&utm_medium=api_v3_business_search&utm_source=kB3jQpdiKc9lL6CIZgA-eA
Tacos 1986,Los Angeles,3.9,308,"7235 Beverly Blvd Los Angeles, CA 90036",+13235158818,https://www.yelp.com/biz/tacos-1986-los-angeles-3?adjust_creative=kB3jQpdiKc9lL6CIZgA-eA&utm_campaign=yelp_api_v3&utm_medium=api_v3_business_search&utm_source=kB3jQpdiKc9lL6CIZgA-eA
Tlayuda L.A. Restaurant,Los Angeles,4.6,907,"5450 Santa Monica Blvd Los Angeles, CA 90029",+12137009286,https://www.yelp.com/biz/tlayuda-l-a-restaurant-los-angeles-6?adjust_creative=kB3jQpdiKc9lL6CIZgA-eA&utm_campaign=yelp_api_v3&utm_medium=api_v3_business_search&utm_source=kB3jQpdiKc9lL6CIZgA-eA
Taqueria Los Anaya,Los Angeles,4.4,1559,"4651 W Adams Blvd Los Angeles, CA 90016",+13237314070,https://www.yelp.com/biz/taqueria-los-anaya-los-angeles?adjust_creative=kB3jQpdiKc9lL6CIZgA-eA&utm_campaign=yelp_api_v3&utm_medium=api_v3_business_search&utm_source=kB3jQpdiKc9lL6CIZgA-eA
Los Chingones,Los Angeles,4.5,90,"1365 S Dacotah St Los Angeles, CA 90023",+12136103688,https://www.yelp.com/biz/los-chingones-los-angeles?adjust_creative=kB3jQpdiKc9lL6CIZgA-eA&utm_campaign=yelp_api_v3&utm_medium=api_v3_business_search&utm_source=kB3jQpdiKc9lL6CIZgA-eA
Tere's Mexican Grill,Los Angeles,4.2,663,"5870 Melrose Ave Ste 101 Los Angeles, CA 90038",+13234689345,https://www.yelp.com/biz/teres-mexican-grill-los-angeles?adjust_creative=kB3jQpdiKc9lL6CIZgA-eA&utm_campaign=yelp_api_v3&utm_medium=api_v3_business_search&utm_source=kB3jQpdiKc9lL6CIZgA-eA
Sonoritas Prime Tacos,Los Angeles,3.9,348,"1050 S Flower St Los Angeles, CA 90015",+12132751826,https://www.yelp.com/biz/sonoritas-prime-tacos-los-angeles-2?adjust_creative=kB3jQpdiKc9lL6CIZgA-eA&utm_campaign=yelp_api_v3&utm_medium=api_v3_business_search&utm_source=kB3jQpdiKc9lL6CIZgA-eA
Burrito Bomba,Los Angeles,4.1,546,"1360 E Colorado Blvd Unit A Glendale, CA 91205",+18184845547,https://www.yelp.com/biz/burrito-bomba-glendale?adjust_creative=kB3jQpdiKc9lL6CIZgA-eA&utm_campaign=yelp_api_v3&utm_medium=api_v3_business_search&utm_source=kB3jQpdiKc9lL6CIZgA-eA
El Chato Taco Truck,Los Angeles,4.5,1446,"5300 W Olympic Blvd Los Angeles, CA 90019",+16262899780,https://www.yelp.com/biz/el-chato-taco-truck-los-angeles-2?adjust_creative=kB3jQpdiKc9lL6CIZgA-eA&utm_campaign=yelp_api_v3&utm_medium=api_v3_business_search&utm_source=kB3jQpdiKc9lL6CIZgA-eA
Carnitas Michoacan,Los Angeles,3.8,1525,"1901 N Broadway Los Angeles, CA 90031",+13232252729,https://www.yelp.com/biz/carnitas-michoacan-los-angeles-2?adjust_creative=kB3jQpdiKc9lL6CIZgA-eA&utm_campaign=yelp_api_v3&utm_medium=api_v3_business_search&utm_source=kB3jQpdiKc9lL6CIZgA-eA
Papi Tacos & Churros,Los Angeles,4.4,442,"1320 Vine St Los Angeles, CA 90028",+13235369800,https://www.yelp.com/biz/papi-tacos-and-churros-los-angeles-2?adjust_creative=kB3jQpdiKc9lL6CIZgA-eA&utm_campaign=yelp_api_v3&utm_medium=api_v3_business_search&utm_source=kB3jQpdiKc9lL6CIZgA-eA
Chuy’s Tacos Dorados,Los Angeles,4.2,548,"1335 Willow St Los Angeles, CA 90013",+13236866272,https://www.yelp.com/biz/chuy-s-tacos-dorados-los-angeles-2?adjust_creative=kB3jQpdiKc9lL6CIZgA-eA&utm_campaign=yelp_api_v3&utm_medium=api_v3_business_search&utm_source=kB3jQpdiKc9lL6CIZgA-eA
HomeState,Los Angeles,4.3,1447,"4624 Hollywood Blvd Los Angeles, CA 90027",+13239061122,https://www.yelp.com/biz/homestate-los-angeles?adjust_creative=kB3jQpdiKc9lL6CIZgA-eA&utm_campaign=yelp_api_v3&utm_medium=api_v3_business_search&utm_source=kB3jQpdiKc9lL6CIZgA-eA
Macheen,Los Angeles,4.6,114,"2633 E Cesar Chavez Ave Los Angeles, CA 90033",+13233544901,https://www.yelp.com/biz/macheen-los-angeles?adjust_creative=kB3jQpdiKc9lL6CIZgA-eA&utm_campaign=yelp_api_v3&utm_medium=api_v3_business_search&utm_source=kB3jQpdiKc9lL6CIZgA-eA
Sobuneh,Los Angeles,4.7,95,"11419 Santa Monica Blvd Inside the Colony ghost kitchen Los Angeles, CA 90025",+13108243799,https://www.yelp.com/biz/sobuneh-los-angeles-3?adjust_creative=kB3jQpdiKc9lL6CIZgA-eA&utm_campaign=yelp_api_v3&utm_medium=api_v3_business_search&utm_source=kB3jQpdiKc9lL6CIZgA-eA
Los Cinco Puntos,Los Angeles,4.4,888,"3300 E Cesar E Chavez Ave Los Angeles, CA 90063",+13232614084,https://www.yelp.com/biz/los-cinco-puntos-los-angeles?adjust_creative=kB3jQpdiKc9lL6CIZgA-eA&utm_campaign=yelp_api_v3&utm_medium=api_v3_business_search&utm_source=kB3jQpdiKc9lL6CIZgA-eA
Los compayitos food,Los Angeles,4.8,13,"888 South Figueroa St Los Angeles, CA 90017",+13233962972,https://www.yelp.com/biz/los-compayitos-food-los-angeles?adjust_creative=kB3jQpdiKc9lL6CIZgA-eA&utm_campaign=yelp_api_v3&utm_medium=api_v3_business_search&utm_source=kB3jQpdiKc9lL6CIZgA-eA
Guac Daddy Taqueria,Los Angeles,4.2,116,"1824 N Vermont Ave Los Angeles, CA 90027",+13237410041,https://www.yelp.com/biz/guac-daddy-taqueria-los-angeles?adjust_creative=kB3jQpdiKc9lL6CIZgA-eA&utm_campaign=yelp_api_v3&utm_medium=api_v3_business_search&utm_source=kB3jQpdiKc9lL6CIZgA-eA
Taqui Taqui,Los Angeles,4.9,160,"4972 W Pico Blvd Ste 102 Los Angeles, CA 90019",+13232723700,https://www.yelp.com/biz/taqui-taqui-los-angeles?adjust_creative=kB3jQpdiKc9lL6CIZgA-eA&utm_campaign=yelp_api_v3&utm_medium=api_v3_business_search&utm_source=kB3jQpdiKc9lL6CIZgA-eA
El Tepeyac Cafe,Los Angeles,3.8,2724,"812 N Evergreen Ave Los Angeles, CA 90033",+13232681960,https://www.yelp.com/biz/el-tepeyac-cafe-los-angeles-3?adjust_creative=kB3jQpdiKc9lL6CIZgA-eA&utm_campaign=yelp_api_v3&utm_medium=api_v3_business_search&utm_source=kB3jQpdiKc9lL6CIZgA-eA
Tacos El Compita,Los Angeles,4.3,400,"4477 W Pico Blvd Los Angeles, CA 90019",+13239350490,https://www.yelp.com/biz/tacos-el-compita-los-angeles-4?adjust_creative=kB3jQpdiKc9lL6CIZgA-eA&utm_campaign=yelp_api_v3&utm_medium=api_v3_business_search&utm_source=kB3jQpdiKc9lL6CIZgA-eA
El Zarape,Los Angeles,4.2,909,"5203 Fountain Ave Ste B Los Angeles, CA 90029",+13237410465,https://www.yelp.com/biz/el-zarape-los-angeles-2?adjust_creative=kB3jQpdiKc9lL6CIZgA-eA&utm_campaign=yelp_api_v3&utm_medium=api_v3_business_search&utm_source=kB3jQpdiKc9lL6CIZgA-eA
La Azteca Tortillera,Los Angeles,4.4,51,"287 S Atlantic Blvd East Los Angeles, CA 90022",+13233068100,https://www.yelp.com/biz/la-azteca-tortillera-east-los-angeles?adjust_creative=kB3jQpdiKc9lL6CIZgA-eA&utm_campaign=yelp_api_v3&utm_medium=api_v3_business_search&utm_source=kB3jQpdiKc9lL6CIZgA-eA
El Huero,Los Angeles,3.9,1439,"3000 S Figueroa St Los Angeles, CA 90007",+12137470012,https://www.yelp.com/biz/el-huero-los-angeles-2?adjust_creative=kB3jQpdiKc9lL6CIZgA-eA&utm_campaign=yelp_api_v3&utm_medium=api_v3_business_search&utm_source=kB3jQpdiKc9lL6CIZgA-eA
Bread & Breakfast - North Hollywood,Los Angeles,4.7,601,"5600 Vineland Ave. North Hollywood, CA 91601",+18188188307,https://www.yelp.com/biz/bread-and-breakfast-north-hollywood-north-hollywood?adjust_creative=kB3jQpdiKc9lL6CIZgA-eA&utm_campaign=yelp_api_v3&utm_medium=api_v3_business_search&utm_source=kB3jQpdiKc9lL6CIZgA-eA
La Numero Uno,Los Angeles,4.5,553,"1247 Vine St Los Angeles, CA 90038",+13239571111,https://www.yelp.com/biz/la-numero-uno-los-angeles-2?adjust_creative=kB3jQpdiKc9lL6CIZgA-eA&utm_campaign=yelp_api_v3&utm_medium=api_v3_business_search&utm_source=kB3jQpdiKc9lL6CIZgA-eA
Best Damn Breakfast Burrito,Los Angeles,3.8,167,"9911 S Santa Monica Blvd Beverly Hills, CA 90212",+13107720795,https://www.yelp.com/biz/best-damn-breakfast-burrito-beverly-hills?adjust_creative=kB3jQpdiKc9lL6CIZgA-eA&utm_campaign=yelp_api_v3&utm_medium=api_v3_business_search&utm_source=kB3jQpdiKc9lL6CIZgA-eA
Gracias Señor!,Los Angeles,4.8,248,"15120 W Sunset Blvd Pacific Palisades, CA 90272",+13233863424,https://www.yelp.com/biz/gracias-se%C3%B1or-pacific-palisades?adjust_creative=kB3jQpdiKc9lL6CIZgA-eA&utm_campaign=yelp_api_v3&utm_medium=api_v3_business_search&utm_source=kB3jQpdiKc9lL6CIZgA-eA
El Flamin' Taco,Los Angeles,4.0,816,"505 S Vermont Ave Los Angeles, CA 90020",+12134149398,https://www.yelp.com/biz/el-flamin-taco-los-angeles-13?adjust_creative=kB3jQpdiKc9lL6CIZgA-eA&utm_campaign=yelp_api_v3&utm_medium=api_v3_business_search&utm_source=kB3jQpdiKc9lL6CIZgA-eA
Cielito Lindo,Los Angeles,3.9,1117,"23 Olvera St Los Angeles, CA 90012",+12136874391,https://www.yelp.com/biz/cielito-lindo-los-angeles?adjust_creative=kB3jQpdiKc9lL6CIZgA-eA&utm_campaign=yelp_api_v3&utm_medium=api_v3_business_search&utm_source=kB3jQpdiKc9lL6CIZgA-eA
Burritos La Palma,Los Angeles,4.3,691,"5120 N Peck Rd El Monte, CA 91732",+16263508286,https://www.yelp.com/biz/burritos-la-palma-el-monte-2?adjust_creative=kB3jQpdiKc9lL6CIZgA-eA&utm_campaign=yelp_api_v3&utm_medium=api_v3_business_search&utm_source=kB3jQpdiKc9lL6CIZgA-eA
El Ostion,Los Angeles,4.0,8,"1101 W Washington Blvd Los Angeles, CA 90015",+12137471948,https://www.yelp.com/biz/el-ostion-los-angeles?adjust_creative=kB3jQpdiKc9lL6CIZgA-eA&utm_campaign=yelp_api_v3&utm_medium=api_v3_business_search&utm_source=kB3jQpdiKc9lL6CIZgA-eA
El Farolito,San Francisco,4.2,5565,"2779 Mission St San Francisco, CA 94110",+14158247877,https://www.yelp.com/biz/el-farolito-san-francisco-2?adjust_creative=kB3jQpdiKc9lL6CIZgA-eA&utm_campaign=yelp_api_v3&utm_medium=api_v3_business_search&utm_source=kB3jQpdiKc9lL6CIZgA-eA
Taqueria Guadalajara,San Francisco,4.0,1203,"4798 Mission St San Francisco, CA 94112",+14154695480,https://www.yelp.com/biz/taqueria-guadalajara-san-francisco?adjust_creative=kB3jQpdiKc9lL6CIZgA-eA&utm_campaign=yelp_api_v3&utm_medium=api_v3_business_search&utm_source=kB3jQpdiKc9lL6CIZgA-eA
Taqueria Cancún,San Francisco,4.0,2235,"2288 Mission St San Francisco, CA 94110",+14152529560,https://www.yelp.com/biz/taqueria-canc%C3%BAn-san-francisco-5?adjust_creative=kB3jQpdiKc9lL6CIZgA-eA&utm_campaign=yelp_api_v3&utm_medium=api_v3_business_search&utm_source=kB3jQpdiKc9lL6CIZgA-eA
La Taqueria,San Francisco,4.1,4809,"2889 Mission St San Francisco, CA 94110",+14152857117,https://www.yelp.com/biz/la-taqueria-san-francisco-2?adjust_creative=kB3jQpdiKc9lL6CIZgA-eA&utm_campaign=yelp_api_v3&utm_medium=api_v3_business_search&utm_source=kB3jQpdiKc9lL6CIZgA-eA
El Burrito Express,San Francisco,3.9,850,"1812 Divisadero St San Francisco, CA 94115",+14157764246,https://www.yelp.com/biz/el-burrito-express-san-francisco-3?adjust_creative=kB3jQpdiKc9lL6CIZgA-eA&utm_campaign=yelp_api_v3&utm_medium=api_v3_business_search&utm_source=kB3jQpdiKc9lL6CIZgA-eA
El Burrito Express,San Francisco,3.6,990,"1601 Taraval St San Francisco, CA 94116",+14155668300,https://www.yelp.com/biz/el-burrito-express-san-francisco?adjust_creative=kB3jQpdiKc9lL6CIZgA-eA&utm_campaign=yelp_api_v3&utm_medium=api_v3_business_search&utm_source=kB3jQpdiKc9lL6CIZgA-eA
Cielito Lindo,San Francisco,4.4,371,"3440 Balboa St San Francisco, CA 94121",+14157420959,https://www.yelp.com/biz/cielito-lindo-san-francisco?adjust_creative=kB3jQpdiKc9lL6CIZgA-eA&utm_campaign=yelp_api_v3&utm_medium=api_v3_business_search&utm_source=kB3jQpdiKc9lL6CIZgA-eA
El Castillito,San Francisco,4.1,933,"136 Church St Ste 1111 San Francisco, CA 94114",+14156213428,https://www.yelp.com/biz/el-castillito-san-francisco-2?adjust_creative=kB3jQpdiKc9lL6CIZgA-eA&utm_campaign=yelp_api_v3&utm_medium=api_v3_business_search&utm_source=kB3jQpdiKc9lL6CIZgA-eA
Al Carajo,San Francisco,4.8,219,"3224 1/2 22nd St San Francisco, CA 94110",+14154004146,https://www.yelp.com/biz/al-carajo-san-francisco?adjust_creative=kB3jQpdiKc9lL6CIZgA-eA&utm_campaign=yelp_api_v3&utm_medium=api_v3_business_search&utm_source=kB3jQpdiKc9lL6CIZgA-eA
Gordo Taqueria,San Francisco,3.7,852,"2252 Clement St San Francisco, CA 94121",+14153874484,https://www.yelp.com/biz/gordo-taqueria-san-francisco-2?adjust_creative=kB3jQpdiKc9lL6CIZgA-eA&utm_campaign=yelp_api_v3&utm_medium=api_v3_business_search&utm_source=kB3jQpdiKc9lL6CIZgA-eA
La Corneta Taqueria,San Francisco,3.8,1398,"2834 Diamond St San Francisco, CA 94131",+14154698757,https://www.yelp.com/biz/la-corneta-taqueria-san-francisco-2?adjust_creative=kB3jQpdiKc9lL6CIZgA-eA&utm_campaign=yelp_api_v3&utm_medium=api_v3_business_search&utm_source=kB3jQpdiKc9lL6CIZgA-eA
El Rancho Grande,San Francisco,3.8,503,"855 Divisadero St San Francisco, CA 94117",+14156738226,https://www.yelp.com/biz/el-rancho-grande-san-francisco?adjust_creative=kB3jQpdiKc9lL6CIZgA-eA&utm_campaign=yelp_api_v3&utm_medium=api_v3_business_search&utm_source=kB3jQpdiKc9lL6CIZgA-eA
Tacos El Patrón,San Francisco,4.3,930,"1500 S Van Ness Ave Ste 100 San Francisco, CA 94110",+14158297315,https://www.yelp.com/biz/tacos-el-patr%C3%B3n-san-francisco-2?adjust_creative=kB3jQpdiKc9lL6CIZgA-eA&utm_campaign=yelp_api_v3&utm_medium=api_v3_business_search&utm_source=kB3jQpdiKc9lL6CIZgA-eA
Pancho Villa Taqueria,San Francisco,3.7,2964,"3071 16th St San Francisco, CA 94103",+14158648840,https://www.yelp.com/biz/pancho-villa-taqueria-san-francisco?adjust_creative=kB3jQpdiKc9lL6CIZgA-eA&utm_campaign=yelp_api_v3&utm_medium=api_v3_business_search&utm_source=kB3jQpdiKc9lL6CIZgA-eA
La Palma Mexicatessen,San Francisco,4.2,756,"2884 24th St San Francisco, CA 94110",+14156471500,https://www.yelp.com/biz/la-palma-mexicatessen-san-francisco?adjust_creative=kB3jQpdiKc9lL6CIZgA-eA&utm_campaign=yelp_api_v3&utm_medium=api_v3_business_search&utm_source=kB3jQpdiKc9lL6CIZgA-eA
Il Canto Cafe,San Francisco,4.7,715,"475 Sacramento St San Francisco, CA 94111",+14152023593,https://www.yelp.com/biz/il-canto-cafe-san-francisco-7?adjust_creative=kB3jQpdiKc9lL6CIZgA-eA&utm_campaign=yelp_api_v3&utm_medium=api_v3_business_search&utm_source=kB3jQpdiKc9lL6CIZgA-eA
El Super Burrito,San Francisco,3.4,712,"780 El Camino Real Millbrae, CA 94030",+16505830487,https://www.yelp.com/biz/el-super-burrito-millbrae?adjust_creative=kB3jQpdiKc9lL6CIZgA-eA&utm_campaign=yelp_api_v3&utm_medium=api_v3_business_search&utm_source=kB3jQpdiKc9lL6CIZgA-eA
Cocina Mamá Cholita,San Francisco,4.9,195,"3471 Mission St San Francisco, CA 94110",+14158749720,https://www.yelp.com/biz/cocina-mam%C3%A1-cholita-san-francisco?adjust_creative=kB3jQpdiKc9lL6CIZgA-eA&utm_campaign=yelp_api_v3&utm_medium=api_v3_business_search&utm_source=kB3jQpdiKc9lL6CIZgA-eA
Chuy's Fiestas,San Francisco,4.5,290,"2341 C Folsom St San Francisco, CA 94110",+14158729222,https://www.yelp.com/biz/chuys-fiestas-san-francisco-3?adjust_creative=kB3jQpdiKc9lL6CIZgA-eA&utm_campaign=yelp_api_v3&utm_medium=api_v3_business_search&utm_source=kB3jQpdiKc9lL6CIZgA-eA
Taqueria Los Mayas,San Francisco,4.1,574,"331 Clement St San Francisco, CA 94118",+14155482800,https://www.yelp.com/biz/taqueria-los-mayas-san-francisco?adjust_creative=kB3jQpdiKc9lL6CIZgA-eA&utm_campaign=yelp_api_v3&utm_medium=api_v3_business_search&utm_source=kB3jQpdiKc9lL6CIZgA-eA
Tacos El Tucan,San Francisco,4.3,86,"3600 16th St San Francisco, CA 94114",+14155522515,https://www.yelp.com/biz/tacos-el-tucan-san-francisco?adjust_creative=kB3jQpdiKc9lL6CIZgA-eA&utm_campaign=yelp_api_v3&utm_medium=api_v3_business_search&utm_source=kB3jQpdiKc9lL6CIZgA-eA
El Farolito,San Francisco,3.8,152,"1230 Grant Ave San Francisco, CA 94133",+14159137771,https://www.yelp.com/biz/el-farolito-san-francisco-5?adjust_creative=kB3jQpdiKc9lL6CIZgA-eA&utm_campaign=yelp_api_v3&utm_medium=api_v3_business_search&utm_source=kB3jQpdiKc9lL6CIZgA-eA
Gordo Taqueria,San Francisco,3.2,812,"1239 9th Ave San Francisco, CA 94122",+14155666011,https://www.yelp.com/biz/gordo-taqueria-san-francisco?adjust_creative=kB3jQpdiKc9lL6CIZgA-eA&utm_campaign=yelp_api_v3&utm_medium=api_v3_business_search&utm_source=kB3jQpdiKc9lL6CIZgA-eA
La Corneta Taqueria,San Francisco,3.8,760,"2731 Mission St San Francisco, CA 94110",+14156437001,https://www.yelp.com/biz/la-corneta-taqueria-san-francisco?adjust_creative=kB3jQpdiKc9lL6CIZgA-eA&utm_campaign=yelp_api_v3&utm_medium=api_v3_business_search&utm_source=kB3jQpdiKc9lL6CIZgA-eA
El Farolito,San Francisco,4.0,793,"4817 Mission St San Francisco, CA 94112",+14153375500,https://www.yelp.com/biz/el-farolito-san-francisco?adjust_creative=kB3jQpdiKc9lL6CIZgA-eA&utm_campaign=yelp_api_v3&utm_medium=api_v3_business_search&utm_source=kB3jQpdiKc9lL6CIZgA-eA
Taqueria Vallarta,San Francisco,4.0,980,"3033 24th St San Francisco, CA 94110",+14159363676,https://www.yelp.com/biz/taqueria-vallarta-san-francisco?adjust_creative=kB3jQpdiKc9lL6CIZgA-eA&utm_campaign=yelp_api_v3&utm_medium=api_v3_business_search&utm_source=kB3jQpdiKc9lL6CIZgA-eA
Taqueria San Bruno,San Francisco,4.5,1819,"1045 San Mateo Ave San Bruno, CA 94066",+16508731752,https://www.yelp.com/biz/taqueria-san-bruno-san-bruno?adjust_creative=kB3jQpdiKc9lL6CIZgA-eA&utm_campaign=yelp_api_v3&utm_medium=api_v3_business_search&utm_source=kB3jQpdiKc9lL6CIZgA-eA
Taqueria El Buen Sabor,San Francisco,4.1,741,"699 Valencia St San Francisco, CA 94110",+14155528816,https://www.yelp.com/biz/taqueria-el-buen-sabor-san-francisco?adjust_creative=kB3jQpdiKc9lL6CIZgA-eA&utm_campaign=yelp_api_v3&utm_medium=api_v3_business_search&utm_source=kB3jQpdiKc9lL6CIZgA-eA
Casa Barajas,San Francisco,4.4,196,"1849 Lincoln Way San Francisco, CA 94122",+14152429931,https://www.yelp.com/biz/casa-barajas-san-francisco?adjust_creative=kB3jQpdiKc9lL6CIZgA-eA&utm_campaign=yelp_api_v3&utm_medium=api_v3_business_search&utm_source=kB3jQpdiKc9lL6CIZgA-eA
Chino's Taqueria,San Francisco,3.8,526,"3416 Balboa St San Francisco, CA 94121",+14156689956,https://www.yelp.com/biz/chinos-taqueria-san-francisco?adjust_creative=kB3jQpdiKc9lL6CIZgA-eA&utm_campaign=yelp_api_v3&utm_medium=api_v3_business_search&utm_source=kB3jQpdiKc9lL6CIZgA-eA
Leonore’s Deli & Taqueria,San Francisco,4.7,53,"601 Van Ness Ave Ste k San Francisco, CA 94102",+14158725951,https://www.yelp.com/biz/leonore-s-deli-and-taqueria-san-francisco-2?adjust_creative=kB3jQpdiKc9lL6CIZgA-eA&utm_campaign=yelp_api_v3&utm_medium=api_v3_business_search&utm_source=kB3jQpdiKc9lL6CIZgA-eA
Taqueria Los Cuernos,San Francisco,4.5,133,"6286 Mission St Daly City, CA 94014",+14158595791,https://www.yelp.com/biz/taqueria-los-cuernos-daly-city?adjust_creative=kB3jQpdiKc9lL6CIZgA-eA&utm_campaign=yelp_api_v3&utm_medium=api_v3_business_search&utm_source=kB3jQpdiKc9lL6CIZgA-eA
Qué Chulada Mexican Restaurant,San Francisco,4.5,133,"5850 Geary Blvd San Francisco, CA 94121",+14157026433,https://www.yelp.com/biz/qu%C3%A9-chulada-mexican-restaurant-san-francisco?adjust_creative=kB3jQpdiKc9lL6CIZgA-eA&utm_campaign=yelp_api_v3&utm_medium=api_v3_business_search&utm_source=kB3jQpdiKc9lL6CIZgA-eA
Taqueria Gonzalez,San Francisco,4.2,93,"2531 San Bruno Ave San Francisco, CA 94134",+14154684293,https://www.yelp.com/biz/taqueria-gonzalez-san-francisco-4?adjust_creative=kB3jQpdiKc9lL6CIZgA-eA&utm_campaign=yelp_api_v3&utm_medium=api_v3_business_search&utm_source=kB3jQpdiKc9lL6CIZgA-eA
Señor Sisig,San Francisco,4.1,554,"990 Valencia St San Francisco, CA 94110",+18557474455,https://www.yelp.com/biz/se%C3%B1or-sisig-san-francisco-9?adjust_creative=kB3jQpdiKc9lL6CIZgA-eA&utm_campaign=yelp_api_v3&utm_medium=api_v3_business_search&utm_source=kB3jQpdiKc9lL6CIZgA-eA
The City Taqueria,San Francisco,3.8,403,"1836 Divisadero St San Francisco, CA 94115",+14153463515,https://www.yelp.com/biz/the-city-taqueria-san-francisco-3?adjust_creative=kB3jQpdiKc9lL6CIZgA-eA&utm_campaign=yelp_api_v3&utm_medium=api_v3_business_search&utm_source=kB3jQpdiKc9lL6CIZgA-eA
Underdogs Tres,San Francisco,4.0,2287,"1224 9th Ave San Francisco, CA 94122",+14155668700,https://www.yelp.com/biz/underdogs-tres-san-francisco?adjust_creative=kB3jQpdiKc9lL6CIZgA-eA&utm_campaign=yelp_api_v3&utm_medium=api_v3_business_search&utm_source=kB3jQpdiKc9lL6CIZgA-eA
El  Farolito Taqueria,San Francisco,4.0,771,"394 Grand Ave South  San Francisco, CA 94080",+16507370138,https://www.yelp.com/biz/el-farolito-taqueria-south-san-francisco-2?adjust_creative=kB3jQpdiKc9lL6CIZgA-eA&utm_campaign=yelp_api_v3&utm_medium=api_v3_business_search&utm_source=kB3jQpdiKc9lL6CIZgA-eA
Caliente Bistro Kitchen,San Francisco,4.8,324,"4828 Geary Blvd San Francisco, CA 94118",+14153796250,https://www.yelp.com/biz/caliente-bistro-kitchen-san-francisco?adjust_creative=kB3jQpdiKc9lL6CIZgA-eA&utm_campaign=yelp_api_v3&utm_medium=api_v3_business_search&utm_source=kB3jQpdiKc9lL6CIZgA-eA
Cenote,San Francisco,4.4,84,"99 Pine St San Francisco, CA 94111",+14159326713,https://www.yelp.com/biz/cenote-san-francisco?adjust_creative=kB3jQpdiKc9lL6CIZgA-eA&utm_campaign=yelp_api_v3&utm_medium=api_v3_business_search&utm_source=kB3jQpdiKc9lL6CIZgA-eA
Taqueria Guadalajara,San Francisco,3.7,384,"3146 24th St San Francisco, CA 94110",+14156424892,https://www.yelp.com/biz/taqueria-guadalajara-san-francisco-2?adjust_creative=kB3jQpdiKc9lL6CIZgA-eA&utm_campaign=yelp_api_v3&utm_medium=api_v3_business_search&utm_source=kB3jQpdiKc9lL6CIZgA-eA
El Farolito,San Francisco,4.0,1017,"2950 24th St San Francisco, CA 94110",+14156410758,https://www.yelp.com/biz/el-farolito-san-francisco-4?adjust_creative=kB3jQpdiKc9lL6CIZgA-eA&utm_campaign=yelp_api_v3&utm_medium=api_v3_business_search&utm_source=kB3jQpdiKc9lL6CIZgA-eA
La Oaxaqueña,San Francisco,4.0,607,"2128 Mission St San Francisco, CA 94110",+14156215446,https://www.yelp.com/biz/la-oaxaque%C3%B1a-san-francisco-2?adjust_creative=kB3jQpdiKc9lL6CIZgA-eA&utm_campaign=yelp_api_v3&utm_medium=api_v3_business_search&utm_source=kB3jQpdiKc9lL6CIZgA-eA
Manitas Cafe,San Francisco,4.5,205,"2078 Hayes St San Francisco, CA 94117",+14152135566,https://www.yelp.com/biz/manitas-cafe-san-francisco-2?adjust_creative=kB3jQpdiKc9lL6CIZgA-eA&utm_campaign=yelp_api_v3&utm_medium=api_v3_business_search&utm_source=kB3jQpdiKc9lL6CIZgA-eA
Street Taco,San Francisco,4.2,754,"1607 Haight St San Francisco, CA 94117",+14155254435,https://www.yelp.com/biz/street-taco-san-francisco?adjust_creative=kB3jQpdiKc9lL6CIZgA-eA&utm_campaign=yelp_api_v3&utm_medium=api_v3_business_search&utm_source=kB3jQpdiKc9lL6CIZgA-eA
Papalote Mexican Grill,San Francisco,3.4,1482,"1777 Fulton St San Francisco, CA 94117",+14157760106,https://www.yelp.com/biz/papalote-mexican-grill-san-francisco-2?adjust_creative=kB3jQpdiKc9lL6CIZgA-eA&utm_campaign=yelp_api_v3&utm_medium=api_v3_business_search&utm_source=kB3jQpdiKc9lL6CIZgA-eA
Papalote Mexican Grill,San Francisco,3.7,2354,"3409 24th St San Francisco, CA 94110",+14159708815,https://www.yelp.com/biz/papalote-mexican-grill-san-francisco?adjust_creative=kB3jQpdiKc9lL6CIZgA-eA&utm_campaign=yelp_api_v3&utm_medium=api_v3_business_search&utm_source=kB3jQpdiKc9lL6CIZgA-eA
Zona Rosa Mexican Grill,San Francisco,4.6,48,"2337 Market St San Francisco, CA 94114",,https://www.yelp.com/biz/zona-rosa-mexican-grill-san-francisco?adjust_creative=kB3jQpdiKc9lL6CIZgA-eA&utm_campaign=yelp_api_v3&utm_medium=api_v3_business_search&utm_source=kB3jQpdiKc9lL6CIZgA-eA
Taqueria Dos Charros,San Francisco,3.7,327,"55 Cambon Dr San Francisco, CA 94132",+14153346075,https://www.yelp.com/biz/taqueria-dos-charros-san-francisco-2?adjust_creative=kB3jQpdiKc9lL6CIZgA-eA&utm_campaign=yelp_api_v3&utm_medium=api_v3_business_search&utm_source=kB3jQpdiKc9lL6CIZgA-eA
Burrito Loco,San Francisco,3.7,218,"850 Ulloa St San Francisco, CA 94127",+14156654677,https://www.yelp.com/biz/burrito-loco-san-francisco-2?adjust_creative=kB3jQpdiKc9lL6CIZgA-eA&utm_campaign=yelp_api_v3&utm_medium=api_v3_business_search&utm_source=kB3jQpdiKc9lL6CIZgA-eA
Cabo Bob's Burritos,Austin,4.5,568,"2828 Rio Grande St Austin, TX 78705",+15124321112,https://www.yelp.com/biz/cabo-bobs-burritos-austin-2?adjust_creative=kB3jQpdiKc9lL6CIZgA-eA&utm_campaign=yelp_api_v3&utm_medium=api_v3_business_search&utm_source=kB3jQpdiKc9lL6CIZgA-eA
Asado's Taqueria,Austin,4.7,57,"6726 Burnet Rd Austin, TX 78757",+15122983972,https://www.yelp.com/biz/asados-taqueria-austin-3?adjust_creative=kB3jQpdiKc9lL6CIZgA-eA&utm_campaign=yelp_api_v3&utm_medium=api_v3_business_search&utm_source=kB3jQpdiKc9lL6CIZgA-eA
Burrito Factory,Austin,4.6,170,"2025 Guadalupe St Ste 244 Austin, TX 78705",+15122275060,https://www.yelp.com/biz/burrito-factory-austin?adjust_creative=kB3jQpdiKc9lL6CIZgA-eA&utm_campaign=yelp_api_v3&utm_medium=api_v3_business_search&utm_source=kB3jQpdiKc9lL6CIZgA-eA
Cabo Bob's Burritos,Austin,4.3,993,"500 E Ben White Blvd Ste D100 Austin, TX 78704",+15124321111,https://www.yelp.com/biz/cabo-bobs-burritos-austin?adjust_creative=kB3jQpdiKc9lL6CIZgA-eA&utm_campaign=yelp_api_v3&utm_medium=api_v3_business_search&utm_source=kB3jQpdiKc9lL6CIZgA-eA
Bummer Burrito,Austin,4.2,53,"3220 Manor Rd Austin, TX 78723",+15123053133,https://www.yelp.com/biz/bummer-burrito-austin?adjust_creative=kB3jQpdiKc9lL6CIZgA-eA&utm_campaign=yelp_api_v3&utm_medium=api_v3_business_search&utm_source=kB3jQpdiKc9lL6CIZgA-eA
Taqueria 10 de 10,Austin,4.7,170,"206 Trinity St Ste 110 Austin, TX 78701",,https://www.yelp.com/biz/taqueria-10-de-10-austin?adjust_creative=kB3jQpdiKc9lL6CIZgA-eA&utm_campaign=yelp_api_v3&utm_medium=api_v3_business_search&utm_source=kB3jQpdiKc9lL6CIZgA-eA
Cabo Bob’s Burritos,Austin,4.3,186,"13429 N US Hwy 183 Ste 100 Austin, TX 78750",+15124321114,https://www.yelp.com/biz/cabo-bob-s-burritos-austin-2?adjust_creative=kB3jQpdiKc9lL6CIZgA-eA&utm_campaign=yelp_api_v3&utm_medium=api_v3_business_search&utm_source=kB3jQpdiKc9lL6CIZgA-eA
Super Burrito at the Water Tank,Austin,4.1,171,"7309 McNeil Dr Austin, TX 78729",+15127652699,https://www.yelp.com/biz/super-burrito-at-the-water-tank-austin-2?adjust_creative=kB3jQpdiKc9lL6CIZgA-eA&utm_campaign=yelp_api_v3&utm_medium=api_v3_business_search&utm_source=kB3jQpdiKc9lL6CIZgA-eA
Cabo Bob's Burritos,Austin,4.2,235,"7849 Shoal Creek Blvd Austin, TX 78757",+15124321113,https://www.yelp.com/biz/cabo-bobs-burritos-austin-5?adjust_creative=kB3jQpdiKc9lL6CIZgA-eA&utm_campaign=yelp_api_v3&utm_medium=api_v3_business_search&utm_source=kB3jQpdiKc9lL6CIZgA-eA
Suculenta Cocina Mexicana,Austin,4.5,24,"3225 Amy Donovan Plz Austin, TX 78758",+17372813939,https://www.yelp.com/biz/suculenta-cocina-mexicana-austin?adjust_creative=kB3jQpdiKc9lL6CIZgA-eA&utm_campaign=yelp_api_v3&utm_medium=api_v3_business_search&utm_source=kB3jQpdiKc9lL6CIZgA-eA
Las Trancas,Austin,4.6,574,"1210 E Cesar Chavez St Austin, TX 78702",+15127018287,https://www.yelp.com/biz/las-trancas-austin?adjust_creative=kB3jQpdiKc9lL6CIZgA-eA&utm_campaign=yelp_api_v3&utm_medium=api_v3_business_search&utm_source=kB3jQpdiKc9lL6CIZgA-eA
La Cocina de Consuelo,Austin,4.2,451,"4516 Burnet Rd Austin, TX 78756",+15125244740,https://www.yelp.com/biz/la-cocina-de-consuelo-austin?adjust_creative=kB3jQpdiKc9lL6CIZgA-eA&utm_campaign=yelp_api_v3&utm_medium=api_v3_business_search&utm_source=kB3jQpdiKc9lL6CIZgA-eA
Casita Nicole Antojitos Mexicanos,Austin,4.7,69,"110 W Slaughter Ln Austin, TX 78745",+15129098226,https://www.yelp.com/biz/casita-nicole-antojitos-mexicanos-austin-3?adjust_creative=kB3jQpdiKc9lL6CIZgA-eA&utm_campaign=yelp_api_v3&utm_medium=api_v3_business_search&utm_source=kB3jQpdiKc9lL6CIZgA-eA
Granny's Tacos,Austin,4.7,623,"1401 E 7th St Austin, TX 78702",+15127014000,https://www.yelp.com/biz/grannys-tacos-austin?adjust_creative=kB3jQpdiKc9lL6CIZgA-eA&utm_campaign=yelp_api_v3&utm_medium=api_v3_business_search&utm_source=kB3jQpdiKc9lL6CIZgA-eA
Pollos Asados El Norteno,Austin,4.7,88,"6401 Fm 969 Rd unit 400 Austin, TX 78725",+15122849594,https://www.yelp.com/biz/pollos-asados-el-norteno-austin-6?adjust_creative=kB3jQpdiKc9lL6CIZgA-eA&utm_campaign=yelp_api_v3&utm_medium=api_v3_business_search&utm_source=kB3jQpdiKc9lL6CIZgA-eA
El Asador,Austin,5.0,5,"9310 N Lamar Blvd Austin, TX 78753",,https://www.yelp.com/biz/el-asador-austin?adjust_creative=kB3jQpdiKc9lL6CIZgA-eA&utm_campaign=yelp_api_v3&utm_medium=api_v3_business_search&utm_source=kB3jQpdiKc9lL6CIZgA-eA
Super Burrito on 5th,Austin,3.6,149,"817 W 5th St Austin, TX 78703",+15124438226,https://www.yelp.com/biz/super-burrito-on-5th-austin-4?adjust_creative=kB3jQpdiKc9lL6CIZgA-eA&utm_campaign=yelp_api_v3&utm_medium=api_v3_business_search&utm_source=kB3jQpdiKc9lL6CIZgA-eA
Mi Trailita Y Mas,Austin,4.8,58,"5706 Manor Rd Austin, TX 78723",+15124336044,https://www.yelp.com/biz/mi-trailita-y-mas-austin?adjust_creative=kB3jQpdiKc9lL6CIZgA-eA&utm_campaign=yelp_api_v3&utm_medium=api_v3_business_search&utm_source=kB3jQpdiKc9lL6CIZgA-eA
Donkey’s Grilled Burritos,Austin,3.3,3,"1720 Barton Springs Rd Austin, TX 78701",,https://www.yelp.com/biz/donkey-s-grilled-burritos-austin?adjust_creative=kB3jQpdiKc9lL6CIZgA-eA&utm_campaign=yelp_api_v3&utm_medium=api_v3_business_search&utm_source=kB3jQpdiKc9lL6CIZgA-eA
Pueblo Viejo,Austin,4.4,647,"2410 E Riverside Dr Ste H-8 Austin, TX 78741",+15123053448,https://www.yelp.com/biz/pueblo-viejo-austin?adjust_creative=kB3jQpdiKc9lL6CIZgA-eA&utm_campaign=yelp_api_v3&utm_medium=api_v3_business_search&utm_source=kB3jQpdiKc9lL6CIZgA-eA
Taco Joint,Austin,4.4,507,"2809 San Jacinto Blvd Austin, TX 78705",+15124738223,https://www.yelp.com/biz/taco-joint-austin-2?adjust_creative=kB3jQpdiKc9lL6CIZgA-eA&utm_campaign=yelp_api_v3&utm_medium=api_v3_business_search&utm_source=kB3jQpdiKc9lL6CIZgA-eA
Veracruz All Natural,Austin,4.1,489,"111 E Cesar Chavez St Austin, TX 78701",+15126652713,https://www.yelp.com/biz/veracruz-all-natural-austin-14?adjust_creative=kB3jQpdiKc9lL6CIZgA-eA&utm_campaign=yelp_api_v3&utm_medium=api_v3_business_search&utm_source=kB3jQpdiKc9lL6CIZgA-eA
Veracruz All Natural,Austin,4.4,1122,"2505 Webberville Rd Austin, TX 78702",+15129811760,https://www.yelp.com/biz/veracruz-all-natural-austin-6?adjust_creative=kB3jQpdiKc9lL6CIZgA-eA&utm_campaign=yelp_api_v3&utm_medium=api_v3_business_search&utm_source=kB3jQpdiKc9lL6CIZgA-eA
Pollos Asados El norteño #2,Austin,4.5,25,"12195 Metric Blvd Austin, TX 78758",+15124296198,https://www.yelp.com/biz/pollos-asados-el-norte%C3%B1o-2-austin?adjust_creative=kB3jQpdiKc9lL6CIZgA-eA&utm_campaign=yelp_api_v3&utm_medium=api_v3_business_search&utm_source=kB3jQpdiKc9lL6CIZgA-eA
Birrieria Mama Rosa,Austin,4.9,22,"120 E Northloop Austin, TX 78751",+15127015215,https://www.yelp.com/biz/birrieria-mama-rosa-austin-2?adjust_creative=kB3jQpdiKc9lL6CIZgA-eA&utm_campaign=yelp_api_v3&utm_medium=api_v3_business_search&utm_source=kB3jQpdiKc9lL6CIZgA-eA
Taquerias Arandinas,Austin,4.0,172,"700 W William Cannon Dr Austin, TX 78745",+15126937361,https://www.yelp.com/biz/taquerias-arandinas-austin-4?adjust_creative=kB3jQpdiKc9lL6CIZgA-eA&utm_campaign=yelp_api_v3&utm_medium=api_v3_business_search&utm_source=kB3jQpdiKc9lL6CIZgA-eA
Mi Ranchito,Austin,4.3,345,"817 FM-1626 Austin, TX 78652",+15122928107,https://www.yelp.com/biz/mi-ranchito-austin-2?adjust_creative=kB3jQpdiKc9lL6CIZgA-eA&utm_campaign=yelp_api_v3&utm_medium=api_v3_business_search&utm_source=kB3jQpdiKc9lL6CIZgA-eA
Tacos Ricos,Austin,4.6,34,"7806 S 1st St Austin, TX 78745",,https://www.yelp.com/biz/tacos-ricos-austin-5?adjust_creative=kB3jQpdiKc9lL6CIZgA-eA&utm_campaign=yelp_api_v3&utm_medium=api_v3_business_search&utm_source=kB3jQpdiKc9lL6CIZgA-eA
Juan More Taco,Austin,4.6,19,"1516 W 5th St Austin, TX 78703",,https://www.yelp.com/biz/juan-more-taco-austin?adjust_creative=kB3jQpdiKc9lL6CIZgA-eA&utm_campaign=yelp_api_v3&utm_medium=api_v3_business_search&utm_source=kB3jQpdiKc9lL6CIZgA-eA
Mi Sabor Oaxaqueño,Austin,4.6,15,"10601 N Lamar Blvd Austin, TX 78753",+15125274751,https://www.yelp.com/biz/mi-sabor-oaxaque%C3%B1o-austin?adjust_creative=kB3jQpdiKc9lL6CIZgA-eA&utm_campaign=yelp_api_v3&utm_medium=api_v3_business_search&utm_source=kB3jQpdiKc9lL6CIZgA-eA
Los Pinos Jalisco,Austin,4.4,31,"6203 N Capital Of Texas Hwy Austin, TX 78731",+15122150736,https://www.yelp.com/biz/los-pinos-jalisco-austin-2?adjust_creative=kB3jQpdiKc9lL6CIZgA-eA&utm_campaign=yelp_api_v3&utm_medium=api_v3_business_search&utm_source=kB3jQpdiKc9lL6CIZgA-eA
Con Madre Kitchen,Austin,4.2,361,"628 E Oltorf St Austin, TX 78704",+15125477996,https://www.yelp.com/biz/con-madre-kitchen-austin-2?adjust_creative=kB3jQpdiKc9lL6CIZgA-eA&utm_campaign=yelp_api_v3&utm_medium=api_v3_business_search&utm_source=kB3jQpdiKc9lL6CIZgA-eA
Pollo Regio,Austin,4.3,151,"1725 Ohlen Rd Austin, TX 78757",,https://www.yelp.com/biz/pollo-regio-austin?adjust_creative=kB3jQpdiKc9lL6CIZgA-eA&utm_campaign=yelp_api_v3&utm_medium=api_v3_business_search&utm_source=kB3jQpdiKc9lL6CIZgA-eA
Sabor Tapatio,Austin,4.5,153,"5708 S Congress Ave Austin, TX 78745",+15124834241,https://www.yelp.com/biz/sabor-tapatio-austin?adjust_creative=kB3jQpdiKc9lL6CIZgA-eA&utm_campaign=yelp_api_v3&utm_medium=api_v3_business_search&utm_source=kB3jQpdiKc9lL6CIZgA-eA
Habanero Mexican Cafe,Austin,4.3,791,"501 W Oltorf St Austin, TX 78704",+15124160443,https://www.yelp.com/biz/habanero-mexican-cafe-austin?adjust_creative=kB3jQpdiKc9lL6CIZgA-eA&utm_campaign=yelp_api_v3&utm_medium=api_v3_business_search&utm_source=kB3jQpdiKc9lL6CIZgA-eA
Taqueria Morales,Austin,4.5,226,"1415 W William Cannon Austin, TX 78745",+15129064933,https://www.yelp.com/biz/taqueria-morales-austin?adjust_creative=kB3jQpdiKc9lL6CIZgA-eA&utm_campaign=yelp_api_v3&utm_medium=api_v3_business_search&utm_source=kB3jQpdiKc9lL6CIZgA-eA
Juan In A Million,Austin,3.9,2316,"2300 E Cesar Chavez St Austin, TX 78702",+15124723872,https://www.yelp.com/biz/juan-in-a-million-austin-2?adjust_creative=kB3jQpdiKc9lL6CIZgA-eA&utm_campaign=yelp_api_v3&utm_medium=api_v3_business_search&utm_source=kB3jQpdiKc9lL6CIZgA-eA
Chi'Lantro,Austin,4.1,749,"823 Congress Ave Austin, TX 78701",+15125936290,https://www.yelp.com/biz/chilantro-austin?adjust_creative=kB3jQpdiKc9lL6CIZgA-eA&utm_campaign=yelp_api_v3&utm_medium=api_v3_business_search&utm_source=kB3jQpdiKc9lL6CIZgA-eA
ñoños tacos,Austin,4.4,221,"102 W Powell Ln Austin, TX 78753",+15126098601,https://www.yelp.com/biz/%C3%B1o%C3%B1os-tacos-austin?adjust_creative=kB3jQpdiKc9lL6CIZgA-eA&utm_campaign=yelp_api_v3&utm_medium=api_v3_business_search&utm_source=kB3jQpdiKc9lL6CIZgA-eA
Birrieria Lopez cabrera ,Austin,4.5,35,"2250 E Ben White Blvd Austin, TX 78741",+17372927435,https://www.yelp.com/biz/birrieria-lopez-cabrera-austin-3?adjust_creative=kB3jQpdiKc9lL6CIZgA-eA&utm_campaign=yelp_api_v3&utm_medium=api_v3_business_search&utm_source=kB3jQpdiKc9lL6CIZgA-eA
El Pollo Rico,Austin,4.2,211,"730 W Stassney Ln Austin, TX 78745",+15124457474,https://www.yelp.com/biz/el-pollo-rico-austin-6?adjust_creative=kB3jQpdiKc9lL6CIZgA-eA&utm_campaign=yelp_api_v3&utm_medium=api_v3_business_search&utm_source=kB3jQpdiKc9lL6CIZgA-eA
La Peña,Austin,4.2,54,"227 Congress Ave Austin, TX 78701",+15124776007,https://www.yelp.com/biz/la-pe%C3%B1a-austin-2?adjust_creative=kB3jQpdiKc9lL6CIZgA-eA&utm_campaign=yelp_api_v3&utm_medium=api_v3_business_search&utm_source=kB3jQpdiKc9lL6CIZgA-eA
La Traila,Austin,4.5,53,"8143 Mesa Dr Austin, TX 78759",+15124660123,https://www.yelp.com/biz/la-traila-austin-7?adjust_creative=kB3jQpdiKc9lL6CIZgA-eA&utm_campaign=yelp_api_v3&utm_medium=api_v3_business_search&utm_source=kB3jQpdiKc9lL6CIZgA-eA
La Parrillita,Austin,4.7,66,"10900 US Hwy 290 E Manor, TX 78653",+15124652203,https://www.yelp.com/biz/la-parrillita-manor-2?adjust_creative=kB3jQpdiKc9lL6CIZgA-eA&utm_campaign=yelp_api_v3&utm_medium=api_v3_business_search&utm_source=kB3jQpdiKc9lL6CIZgA-eA
Aleida’s Restaurant,Austin,4.8,276,"2011 Little Elm Trl Ste 106 Cedar Park, TX 78613",+15125512104,https://www.yelp.com/biz/aleida-s-restaurant-cedar-park?adjust_creative=kB3jQpdiKc9lL6CIZgA-eA&utm_campaign=yelp_api_v3&utm_medium=api_v3_business_search&utm_source=kB3jQpdiKc9lL6CIZgA-eA
5000 Burnet,Austin,4.2,26,"5000 Burnet Rd Austin, TX 78756",,https://www.yelp.com/biz/5000-burnet-austin?adjust_creative=kB3jQpdiKc9lL6CIZgA-eA&utm_campaign=yelp_api_v3&utm_medium=api_v3_business_search&utm_source=kB3jQpdiKc9lL6CIZgA-eA
El Primo,Austin,4.5,295,"2101 S 1st St Austin, TX 78704",+15122275060,https://www.yelp.com/biz/el-primo-austin?adjust_creative=kB3jQpdiKc9lL6CIZgA-eA&utm_campaign=yelp_api_v3&utm_medium=api_v3_business_search&utm_source=kB3jQpdiKc9lL6CIZgA-eA
Salsa Limón,Austin,3.9,98,"3001 Guadalupe St Austin, TX 78705",+15127167900,https://www.yelp.com/biz/salsa-lim%C3%B3n-austin?adjust_creative=kB3jQpdiKc9lL6CIZgA-eA&utm_campaign=yelp_api_v3&utm_medium=api_v3_business_search&utm_source=kB3jQpdiKc9lL6CIZgA-eA
Taco Brother,Austin,4.7,102,"7612 Brodie Ln Austin, TX 78745",,https://www.yelp.com/biz/taco-brother-austin?adjust_creative=kB3jQpdiKc9lL6CIZgA-eA&utm_campaign=yelp_api_v3&utm_medium=api_v3_business_search&utm_source=kB3jQpdiKc9lL6CIZgA-eA
Tacodeli,Austin,3.2,174,"3600 Presidential Blvd Austin, TX 78719",+15125302242,https://www.yelp.com/biz/tacodeli-austin-12?adjust_creative=kB3jQpdiKc9lL6CIZgA-eA&utm_campaign=yelp_api_v3&utm_medium=api_v3_business_search&utm_source=kB3jQpdiKc9lL6CIZgA-eA
Electric Burrito,New York,4.3,203,"81 St Marks Pl New York, NY 10003",+16468700104,https://www.yelp.com/biz/electric-burrito-new-york?adjust_creative=kB3jQpdiKc9lL6CIZgA-eA&utm_campaign=yelp_api_v3&utm_medium=api_v3_business_search&utm_source=kB3jQpdiKc9lL6CIZgA-eA
Son del North,New York,4.1,62,"177 Orchard St New York, NY 10002",+17185212447,https://www.yelp.com/biz/son-del-north-new-york?adjust_creative=kB3jQpdiKc9lL6CIZgA-eA&utm_campaign=yelp_api_v3&utm_medium=api_v3_business_search&utm_source=kB3jQpdiKc9lL6CIZgA-eA
Super Burrito,New York,4.0,72,"320 Bedford Ave Brooklyn, NY 11249",+13475990533,https://www.yelp.com/biz/super-burrito-brooklyn-3?adjust_creative=kB3jQpdiKc9lL6CIZgA-eA&utm_campaign=yelp_api_v3&utm_medium=api_v3_business_search&utm_source=kB3jQpdiKc9lL6CIZgA-eA
EL Burrito Box,New York,4.0,986,"885 9th Ave New York, NY 10019",+12124896889,https://www.yelp.com/biz/el-burrito-box-new-york?adjust_creative=kB3jQpdiKc9lL6CIZgA-eA&utm_campaign=yelp_api_v3&utm_medium=api_v3_business_search&utm_source=kB3jQpdiKc9lL6CIZgA-eA
Los Tacos No.1,New York,4.7,3257,"229 W 43rd St New York, NY 10036",+12125744696,https://www.yelp.com/biz/los-tacos-no-1-new-york-3?adjust_creative=kB3jQpdiKc9lL6CIZgA-eA&utm_campaign=yelp_api_v3&utm_medium=api_v3_business_search&utm_source=kB3jQpdiKc9lL6CIZgA-eA
El Jalapeno taqueria,New York,4.9,19,"204 W 4th St New York, NY 10014",+13476970081,https://www.yelp.com/biz/el-jalapeno-taqueria-new-york-2?adjust_creative=kB3jQpdiKc9lL6CIZgA-eA&utm_campaign=yelp_api_v3&utm_medium=api_v3_business_search&utm_source=kB3jQpdiKc9lL6CIZgA-eA
Electric Burrito,New York,4.0,29,"307 W 17th St New York, NY 10011",+16463296270,https://www.yelp.com/biz/electric-burrito-new-york-2?adjust_creative=kB3jQpdiKc9lL6CIZgA-eA&utm_campaign=yelp_api_v3&utm_medium=api_v3_business_search&utm_source=kB3jQpdiKc9lL6CIZgA-eA
Nenes Taqueria,New York,4.3,125,"660 Degraw St Brooklyn, NY 11217",+19296074551,https://www.yelp.com/biz/nenes-taqueria-brooklyn?adjust_creative=kB3jQpdiKc9lL6CIZgA-eA&utm_campaign=yelp_api_v3&utm_medium=api_v3_business_search&utm_source=kB3jQpdiKc9lL6CIZgA-eA
Jo’s Taco,New York,4.9,36,"226 E 14th St New York, NY 10003",+16469984440,https://www.yelp.com/biz/jo-s-taco-new-york?adjust_creative=kB3jQpdiKc9lL6CIZgA-eA&utm_campaign=yelp_api_v3&utm_medium=api_v3_business_search&utm_source=kB3jQpdiKc9lL6CIZgA-eA
Santa Fe BK,New York,4.5,132,"178 N 8th St Brooklyn, NY 11211",+13477630279,https://www.yelp.com/biz/santa-fe-bk-brooklyn?adjust_creative=kB3jQpdiKc9lL6CIZgA-eA&utm_campaign=yelp_api_v3&utm_medium=api_v3_business_search&utm_source=kB3jQpdiKc9lL6CIZgA-eA
Cinco de Mayo,New York,4.5,17,"43 W 55th St New York, NY 10019",+12123333020,https://www.yelp.com/biz/cinco-de-mayo-new-york-6?adjust_creative=kB3jQpdiKc9lL6CIZgA-eA&utm_campaign=yelp_api_v3&utm_medium=api_v3_business_search&utm_source=kB3jQpdiKc9lL6CIZgA-eA
El Diablito Taqueria,New York,4.3,446,"60 E 3rd St New York, NY 10003",+16466929268,https://www.yelp.com/biz/el-diablito-taqueria-new-york?adjust_creative=kB3jQpdiKc9lL6CIZgA-eA&utm_campaign=yelp_api_v3&utm_medium=api_v3_business_search&utm_source=kB3jQpdiKc9lL6CIZgA-eA
Summer Salt,New York,4.4,226,"30 East 23rd St New York, NY 10010",+12122090648,https://www.yelp.com/biz/summer-salt-new-york-3?adjust_creative=kB3jQpdiKc9lL6CIZgA-eA&utm_campaign=yelp_api_v3&utm_medium=api_v3_business_search&utm_source=kB3jQpdiKc9lL6CIZgA-eA
Los Tacos No. 1,New York,4.6,526,"136 Church St New York, NY 10007",,https://www.yelp.com/biz/los-tacos-no-1-new-york-5?adjust_creative=kB3jQpdiKc9lL6CIZgA-eA&utm_campaign=yelp_api_v3&utm_medium=api_v3_business_search&utm_source=kB3jQpdiKc9lL6CIZgA-eA
Super Burrito,New York,4.0,65,"190 Beach 69th St Arverne, NY 11692",+17182694560,https://www.yelp.com/biz/super-burrito-arverne?adjust_creative=kB3jQpdiKc9lL6CIZgA-eA&utm_campaign=yelp_api_v3&utm_medium=api_v3_business_search&utm_source=kB3jQpdiKc9lL6CIZgA-eA
Sidewalk Tacos,New York,4.0,37,"Bleecker & Thompson New York, NY 10012",+16464549255,https://www.yelp.com/biz/sidewalk-tacos-new-york-3?adjust_creative=kB3jQpdiKc9lL6CIZgA-eA&utm_campaign=yelp_api_v3&utm_medium=api_v3_business_search&utm_source=kB3jQpdiKc9lL6CIZgA-eA
Nenes Deli Taqueria,New York,4.5,231,"14 Starr St Brooklyn, NY 11237",+13474136684,https://www.yelp.com/biz/nenes-deli-taqueria-brooklyn?adjust_creative=kB3jQpdiKc9lL6CIZgA-eA&utm_campaign=yelp_api_v3&utm_medium=api_v3_business_search&utm_source=kB3jQpdiKc9lL6CIZgA-eA
Tacos Cholula,New York,4.3,166,"25 Ave A New York, NY 10009",+19294054961,https://www.yelp.com/biz/tacos-cholula-new-york?adjust_creative=kB3jQpdiKc9lL6CIZgA-eA&utm_campaign=yelp_api_v3&utm_medium=api_v3_business_search&utm_source=kB3jQpdiKc9lL6CIZgA-eA
Buddy's Burrito & Taco Bar,New York,4.0,216,"260 Court St Brooklyn, NY 11231",+17184888695,https://www.yelp.com/biz/buddys-burrito-and-taco-bar-brooklyn?adjust_creative=kB3jQpdiKc9lL6CIZgA-eA&utm_campaign=yelp_api_v3&utm_medium=api_v3_business_search&utm_source=kB3jQpdiKc9lL6CIZgA-eA
Essex Taqueria,New York,3.8,342,"123 Essex St New York, NY 10002",+12122608226,https://www.yelp.com/biz/essex-taqueria-new-york?adjust_creative=kB3jQpdiKc9lL6CIZgA-eA&utm_campaign=yelp_api_v3&utm_medium=api_v3_business_search&utm_source=kB3jQpdiKc9lL6CIZgA-eA
Taqueria Al Pastor,New York,4.2,106,"119 Court St Brooklyn, NY 11201",+13472944381,https://www.yelp.com/biz/taqueria-al-pastor-brooklyn-3?adjust_creative=kB3jQpdiKc9lL6CIZgA-eA&utm_campaign=yelp_api_v3&utm_medium=api_v3_business_search&utm_source=kB3jQpdiKc9lL6CIZgA-eA
Zaragoza,New York,4.5,2,"215 Avenue A New York, NY 10009",+12127809204,https://www.yelp.com/biz/zaragoza-new-york-5?adjust_creative=kB3jQpdiKc9lL6CIZgA-eA&utm_campaign=yelp_api_v3&utm_medium=api_v3_business_search&utm_source=kB3jQpdiKc9lL6CIZgA-eA
El Cabron,New York,3.9,123,"25A Essex St New York, NY 10002",+16469645000,https://www.yelp.com/biz/el-cabron-new-york?adjust_creative=kB3jQpdiKc9lL6CIZgA-eA&utm_campaign=yelp_api_v3&utm_medium=api_v3_business_search&utm_source=kB3jQpdiKc9lL6CIZgA-eA
DORADO Tacos & Quesadillas,New York,4.0,747,"28 E 12th St New York, NY 10003",+12126270900,https://www.yelp.com/biz/dorado-tacos-and-quesadillas-new-york-3?adjust_creative=kB3jQpdiKc9lL6CIZgA-eA&utm_campaign=yelp_api_v3&utm_medium=api_v3_business_search&utm_source=kB3jQpdiKc9lL6CIZgA-eA
Los Tacos Hermanos,New York,4.3,24,"570 8th Ave New York, NY 10018",+12123984646,https://www.yelp.com/biz/los-tacos-hermanos-new-york?adjust_creative=kB3jQpdiKc9lL6CIZgA-eA&utm_campaign=yelp_api_v3&utm_medium=api_v3_business_search&utm_source=kB3jQpdiKc9lL6CIZgA-eA
Cemitas El Tigre,New York,4.5,291,"45-14 48th Ave Sunnyside, NY 11377",+19292963946,https://www.yelp.com/biz/cemitas-el-tigre-sunnyside-2?adjust_creative=kB3jQpdiKc9lL6CIZgA-eA&utm_campaign=yelp_api_v3&utm_medium=api_v3_business_search&utm_source=kB3jQpdiKc9lL6CIZgA-eA
Luchadores,New York,4.0,150,"87 South St New York, NY 10038",+19174093033,https://www.yelp.com/biz/luchadores-new-york?adjust_creative=kB3jQpdiKc9lL6CIZgA-eA&utm_campaign=yelp_api_v3&utm_medium=api_v3_business_search&utm_source=kB3jQpdiKc9lL6CIZgA-eA
Xochitl Taqueria,New York,4.1,40,"176 Smith St Brooklyn, NY 11201",+13475992226,https://www.yelp.com/biz/xochitl-taqueria-brooklyn-3?adjust_creative=kB3jQpdiKc9lL6CIZgA-eA&utm_campaign=yelp_api_v3&utm_medium=api_v3_business_search&utm_source=kB3jQpdiKc9lL6CIZgA-eA
Nacho Macho Taco,New York,4.3,249,"82 5th Ave Brooklyn, NY 11217",+17186228282,https://www.yelp.com/biz/nacho-macho-taco-brooklyn?adjust_creative=kB3jQpdiKc9lL6CIZgA-eA&utm_campaign=yelp_api_v3&utm_medium=api_v3_business_search&utm_source=kB3jQpdiKc9lL6CIZgA-eA
The Little Taco House,New York,4.3,89,"246 West 4th St New York, NY 10014",+16467191600,https://www.yelp.com/biz/the-little-taco-house-new-york?adjust_creative=kB3jQpdiKc9lL6CIZgA-eA&utm_campaign=yelp_api_v3&utm_medium=api_v3_business_search&utm_source=kB3jQpdiKc9lL6CIZgA-eA
La Chilaqueria New York,New York,4.7,122,"139 W 28th St New York, NY 10001",+19173883823,https://www.yelp.com/biz/la-chilaqueria-new-york-new-york-2?adjust_creative=kB3jQpdiKc9lL6CIZgA-eA&utm_campaign=yelp_api_v3&utm_medium=api_v3_business_search&utm_source=kB3jQpdiKc9lL6CIZgA-eA
Summer Salt,New York,4.3,61,"275 Madison Ave New York, NY 10016",+12127633362,https://www.yelp.com/biz/summer-salt-new-york-5?adjust_creative=kB3jQpdiKc9lL6CIZgA-eA&utm_campaign=yelp_api_v3&utm_medium=api_v3_business_search&utm_source=kB3jQpdiKc9lL6CIZgA-eA
De Mole,New York,4.3,312,"2 Hope St Brooklyn, NY 11211",+13477213399,https://www.yelp.com/biz/de-mole-brooklyn?adjust_creative=kB3jQpdiKc9lL6CIZgA-eA&utm_campaign=yelp_api_v3&utm_medium=api_v3_business_search&utm_source=kB3jQpdiKc9lL6CIZgA-eA
Dos Toros Taqueria,New York,3.8,1416,"137 4th Ave New York, NY 10003",+12126777300,https://www.yelp.com/biz/dos-toros-taqueria-new-york?adjust_creative=kB3jQpdiKc9lL6CIZgA-eA&utm_campaign=yelp_api_v3&utm_medium=api_v3_business_search&utm_source=kB3jQpdiKc9lL6CIZgA-eA
EL Gallo Taqueria,New York,3.9,92,"369 Broome St New York, NY 10013",+19176680033,https://www.yelp.com/biz/el-gallo-taqueria-new-york?adjust_creative=kB3jQpdiKc9lL6CIZgA-eA&utm_campaign=yelp_api_v3&utm_medium=api_v3_business_search&utm_source=kB3jQpdiKc9lL6CIZgA-eA
Burrito Republic,New York,4.3,153,"59-15 71st Ave Ridgewood, NY 11385",+19293376446,https://www.yelp.com/biz/burrito-republic-ridgewood?adjust_creative=kB3jQpdiKc9lL6CIZgA-eA&utm_campaign=yelp_api_v3&utm_medium=api_v3_business_search&utm_source=kB3jQpdiKc9lL6CIZgA-eA
Brujos - Brooklyn Taco,New York,4.3,54,"333 Graham Ave Brooklyn, NY 11211",+17183888445,https://www.yelp.com/biz/brujos-brooklyn-taco-brooklyn?adjust_creative=kB3jQpdiKc9lL6CIZgA-eA&utm_campaign=yelp_api_v3&utm_medium=api_v3_business_search&utm_source=kB3jQpdiKc9lL6CIZgA-eA
Panchos,New York,4.3,74,"964 Amsterdam Ave New York, NY 10025",+12123165400,https://www.yelp.com/biz/panchos-new-york-2?adjust_creative=kB3jQpdiKc9lL6CIZgA-eA&utm_campaign=yelp_api_v3&utm_medium=api_v3_business_search&utm_source=kB3jQpdiKc9lL6CIZgA-eA
GMC Temaxcal Deli & Grocery,New York,4.5,57,"163 Park Ave Brooklyn, NY 11205",+17183078100,https://www.yelp.com/biz/gmc-temaxcal-deli-and-grocery-brooklyn?adjust_creative=kB3jQpdiKc9lL6CIZgA-eA&utm_campaign=yelp_api_v3&utm_medium=api_v3_business_search&utm_source=kB3jQpdiKc9lL6CIZgA-eA
Cinco De Mayo,New York,4.7,29,"153 E 43rd St New York, NY 10017",+12126822197,https://www.yelp.com/biz/cinco-de-mayo-new-york-5?adjust_creative=kB3jQpdiKc9lL6CIZgA-eA&utm_campaign=yelp_api_v3&utm_medium=api_v3_business_search&utm_source=kB3jQpdiKc9lL6CIZgA-eA
Jajaja Mexicana,New York,4.5,1241,"162 E Broadway New York, NY 10002",+16468835453,https://www.yelp.com/biz/jajaja-mexicana-new-york-2?adjust_creative=kB3jQpdiKc9lL6CIZgA-eA&utm_campaign=yelp_api_v3&utm_medium=api_v3_business_search&utm_source=kB3jQpdiKc9lL6CIZgA-eA
Reyes Deli & Grocery,New York,4.4,235,"532 4th Ave Brooklyn, NY 11215",+17183693211,https://www.yelp.com/biz/reyes-deli-and-grocery-brooklyn?adjust_creative=kB3jQpdiKc9lL6CIZgA-eA&utm_campaign=yelp_api_v3&utm_medium=api_v3_business_search&utm_source=kB3jQpdiKc9lL6CIZgA-eA
El Gallo Taqueria,New York,4.0,49,"609 9th Ave New York, NY 10036",+19176680044,https://www.yelp.com/biz/el-gallo-taqueria-new-york-3?adjust_creative=kB3jQpdiKc9lL6CIZgA-eA&utm_campaign=yelp_api_v3&utm_medium=api_v3_business_search&utm_source=kB3jQpdiKc9lL6CIZgA-eA
Fabis Tacos D.C.,New York,5.0,2,"390 Grand St New York, NY 10002",+13472313174,https://www.yelp.com/biz/fabis-tacos-d-c-new-york?adjust_creative=kB3jQpdiKc9lL6CIZgA-eA&utm_campaign=yelp_api_v3&utm_medium=api_v3_business_search&utm_source=kB3jQpdiKc9lL6CIZgA-eA
Best Damn Breakfast Burrito,New York,4.7,20,"630 Flushing Ave Brooklyn, NY 11206",+17187647175,https://www.yelp.com/biz/best-damn-breakfast-burrito-brooklyn?adjust_creative=kB3jQpdiKc9lL6CIZgA-eA&utm_campaign=yelp_api_v3&utm_medium=api_v3_business_search&utm_source=kB3jQpdiKc9lL6CIZgA-eA
Fast and Fresh Burrito Deli,New York,4.1,199,"84 Hoyt St Brooklyn, NY 11201",+17188021661,https://www.yelp.com/biz/fast-and-fresh-burrito-deli-brooklyn?adjust_creative=kB3jQpdiKc9lL6CIZgA-eA&utm_campaign=yelp_api_v3&utm_medium=api_v3_business_search&utm_source=kB3jQpdiKc9lL6CIZgA-eA
Tacos Morelos,New York,4.0,102,"183 Bedford Ave Brooklyn, NY 11222",+16464049080,https://www.yelp.com/biz/tacos-morelos-brooklyn-3?adjust_creative=kB3jQpdiKc9lL6CIZgA-eA&utm_campaign=yelp_api_v3&utm_medium=api_v3_business_search&utm_source=kB3jQpdiKc9lL6CIZgA-eA
Taqueria Diana,New York,3.7,791,"129 2nd Ave New York, NY 10003",+16464227871,https://www.yelp.com/biz/taqueria-diana-new-york?adjust_creative=kB3jQpdiKc9lL6CIZgA-eA&utm_campaign=yelp_api_v3&utm_medium=api_v3_business_search&utm_source=kB3jQpdiKc9lL6CIZgA-eA
Taqueria Tepango,New York,4.0,252,"568 Myrtle Ave Brooklyn, NY 11205",+17186368878,https://www.yelp.com/biz/taqueria-tepango-brooklyn?adjust_creative=kB3jQpdiKc9lL6CIZgA-eA&utm_campaign=yelp_api_v3&utm_medium=api_v3_business_search&utm_source=kB3jQpdiKc9lL6CIZgA-eA
La Taqueria,New York,4.0,74,"572 Grand St New York, NY 11211",,https://www.yelp.com/biz/la-taqueria-new-york?adjust_creative=kB3jQpdiKc9lL6CIZgA-eA&utm_campaign=yelp_api_v3&utm_medium=api_v3_business_search&utm_source=kB3jQpdiKc9lL6CIZgA-eA
Boojum,Dublin,4.3,192,"Millennium Walkway North City, 1 Republic of Ireland",+35318729499,https://www.yelp.com/biz/boojum-north-city?adjust_creative=kB3jQpdiKc9lL6CIZgA-eA&utm_campaign=yelp_api_v3&utm_medium=api_v3_business_search&utm_source=kB3jQpdiKc9lL6CIZgA-eA
El Grito Mexican Taqueria,Dublin,4.5,56,"20 Mountjoy Square E Mountjoy, 1 Republic of Ireland",+35315584717,https://www.yelp.com/biz/el-grito-mexican-taqueria-mountjoy?adjust_creative=kB3jQpdiKc9lL6CIZgA-eA&utm_campaign=yelp_api_v3&utm_medium=api_v3_business_search&utm_source=kB3jQpdiKc9lL6CIZgA-eA
Boojum,Dublin,4.4,78,College Court Kevin Street Lower Dublin 8 Republic of Ireland,+35318090077,https://www.yelp.com/biz/boojum-dublin-5?adjust_creative=kB3jQpdiKc9lL6CIZgA-eA&utm_campaign=yelp_api_v3&utm_medium=api_v3_business_search&utm_source=kB3jQpdiKc9lL6CIZgA-eA
Pablo Picante,Dublin,4.0,93,Clarendon Market Dublin 2 Republic of Ireland,+35316334245,https://www.yelp.com/biz/pablo-picante-dublin-2?adjust_creative=kB3jQpdiKc9lL6CIZgA-eA&utm_campaign=yelp_api_v3&utm_medium=api_v3_business_search&utm_source=kB3jQpdiKc9lL6CIZgA-eA
Burritos & Blues,Dublin,3.8,95,2 Wexford Street Dublin 2 Republic of Ireland,+353863000500,https://www.yelp.com/biz/burritos-and-blues-dublin?adjust_creative=kB3jQpdiKc9lL6CIZgA-eA&utm_campaign=yelp_api_v3&utm_medium=api_v3_business_search&utm_source=kB3jQpdiKc9lL6CIZgA-eA
Pablo Picante,Dublin,3.5,47,14 Aston Quay Dublin 2 Republic of Ireland,+35316799305,https://www.yelp.com/biz/pablo-picante-dublin-5?adjust_creative=kB3jQpdiKc9lL6CIZgA-eA&utm_campaign=yelp_api_v3&utm_medium=api_v3_business_search&utm_source=kB3jQpdiKc9lL6CIZgA-eA
Little Ass Burrito Bar,Dublin,4.1,20,"10 Rathgar Road Rathmines Rathgar, 6 Republic of Ireland",+35314967714,https://www.yelp.com/biz/little-ass-burrito-bar-rathgar?adjust_creative=kB3jQpdiKc9lL6CIZgA-eA&utm_campaign=yelp_api_v3&utm_medium=api_v3_business_search&utm_source=kB3jQpdiKc9lL6CIZgA-eA
The Hungry Mexican,Dublin,3.8,24,5 Aston Quay Temple Bar Dublin 2 Republic of Ireland,+353894502305,https://www.yelp.com/biz/the-hungry-mexican-dublin?adjust_creative=kB3jQpdiKc9lL6CIZgA-eA&utm_campaign=yelp_api_v3&utm_medium=api_v3_business_search&utm_source=kB3jQpdiKc9lL6CIZgA-eA
Saburritos,Dublin,2.9,8,17 Dame Street Dublin 2 Republic of Ireland,+35318728527,https://www.yelp.com/biz/saburritos-dublin-4?adjust_creative=kB3jQpdiKc9lL6CIZgA-eA&utm_campaign=yelp_api_v3&utm_medium=api_v3_business_search&utm_source=kB3jQpdiKc9lL6CIZgA-eA
Tolteca,Dublin,3.2,68,21 Suffolk Street Dublin 2 Republic of Ireland,+35316779506,https://www.yelp.com/biz/tolteca-dublin-2?adjust_creative=kB3jQpdiKc9lL6CIZgA-eA&utm_campaign=yelp_api_v3&utm_medium=api_v3_business_search&utm_source=kB3jQpdiKc9lL6CIZgA-eA
El Patron,Dublin,4.1,9,4 King Street N Dublin 1 Republic of Ireland,+35318747219,https://www.yelp.com/biz/el-patron-dublin?adjust_creative=kB3jQpdiKc9lL6CIZgA-eA&utm_campaign=yelp_api_v3&utm_medium=api_v3_business_search&utm_source=kB3jQpdiKc9lL6CIZgA-eA
Cafe Azteca,Dublin,4.3,150,Dublin Republic of Ireland,,https://www.yelp.com/biz/cafe-azteca-dublin-3?adjust_creative=kB3jQpdiKc9lL6CIZgA-eA&utm_campaign=yelp_api_v3&utm_medium=api_v3_business_search&utm_source=kB3jQpdiKc9lL6CIZgA-eA
The Boxty House,Dublin,4.3,1209,20-21 Temple Bar Dublin 2 Republic of Ireland,+35316772762,https://www.yelp.com/biz/the-boxty-house-dublin?adjust_creative=kB3jQpdiKc9lL6CIZgA-eA&utm_campaign=yelp_api_v3&utm_medium=api_v3_business_search&utm_source=kB3jQpdiKc9lL6CIZgA-eA
Mama's Revenge,Dublin,3.8,74,12 Leinster Street S Dublin 2 Republic of Ireland,+35316619289,https://www.yelp.com/biz/mamas-revenge-dublin?adjust_creative=kB3jQpdiKc9lL6CIZgA-eA&utm_campaign=yelp_api_v3&utm_medium=api_v3_business_search&utm_source=kB3jQpdiKc9lL6CIZgA-eA
Pablo Picante,Dublin,3.7,68,131 Baggot Street Dublin 2 Republic of Ireland,+35316629773,https://www.yelp.com/biz/pablo-picante-dublin-6?adjust_creative=kB3jQpdiKc9lL6CIZgA-eA&utm_campaign=yelp_api_v3&utm_medium=api_v3_business_search&utm_source=kB3jQpdiKc9lL6CIZgA-eA
Boojum,Dublin,3.7,12,3 Abbey Street Lower Dublin Republic of Ireland,+35318747237,https://www.yelp.com/biz/boojum-dublin-6?adjust_creative=kB3jQpdiKc9lL6CIZgA-eA&utm_campaign=yelp_api_v3&utm_medium=api_v3_business_search&utm_source=kB3jQpdiKc9lL6CIZgA-eA
Saburritos,Dublin,2.5,20,"3, North Earl Street, Dublin 1 Republic of Ireland",,https://www.yelp.com/biz/saburritos-dublin-2?adjust_creative=kB3jQpdiKc9lL6CIZgA-eA&utm_campaign=yelp_api_v3&utm_medium=api_v3_business_search&utm_source=kB3jQpdiKc9lL6CIZgA-eA
Tolteca,Dublin,3.3,44,38 Upper Baggot Street Dublin 4 Republic of Ireland,+35316688604,https://www.yelp.com/biz/tolteca-dublin?adjust_creative=kB3jQpdiKc9lL6CIZgA-eA&utm_campaign=yelp_api_v3&utm_medium=api_v3_business_search&utm_source=kB3jQpdiKc9lL6CIZgA-eA
Boojum,Dublin,3.3,3,63 Mespil Rd Dublin 4 Republic of Ireland,+35316676062,https://www.yelp.com/biz/boojum-dublin-7?adjust_creative=kB3jQpdiKc9lL6CIZgA-eA&utm_campaign=yelp_api_v3&utm_medium=api_v3_business_search&utm_source=kB3jQpdiKc9lL6CIZgA-eA
Pablo's Tortas,Dublin,4.3,10,5 Clarendon Market Dublin 2 Republic of Ireland,+35316334245,https://www.yelp.com/biz/pablos-tortas-dublin?adjust_creative=kB3jQpdiKc9lL6CIZgA-eA&utm_campaign=yelp_api_v3&utm_medium=api_v3_business_search&utm_source=kB3jQpdiKc9lL6CIZgA-eA
Belly Bites Cafe,Dublin,3.0,4,80B Thomas Street Dublin Republic of Ireland,,https://www.yelp.com/biz/belly-bites-cafe-dublin?adjust_creative=kB3jQpdiKc9lL6CIZgA-eA&utm_campaign=yelp_api_v3&utm_medium=api_v3_business_search&utm_source=kB3jQpdiKc9lL6CIZgA-eA
Tolteca,Dublin,2.8,14,40 Camden Street Dublin 2 Republic of Ireland,+35315592114,https://www.yelp.com/biz/tolteca-dublin-4?adjust_creative=kB3jQpdiKc9lL6CIZgA-eA&utm_campaign=yelp_api_v3&utm_medium=api_v3_business_search&utm_source=kB3jQpdiKc9lL6CIZgA-eA
Boojum,Dublin,3.8,8,"Unit 19, Block C Smithfield Market Dublin Republic of Ireland",+35318783305,https://www.yelp.com/biz/boojum-dublin-9?adjust_creative=kB3jQpdiKc9lL6CIZgA-eA&utm_campaign=yelp_api_v3&utm_medium=api_v3_business_search&utm_source=kB3jQpdiKc9lL6CIZgA-eA
777,Dublin,3.7,106,7 South Great George's Street Dublin 2 Republic of Ireland,+35314254052,https://www.yelp.com/biz/777-dublin?adjust_creative=kB3jQpdiKc9lL6CIZgA-eA&utm_campaign=yelp_api_v3&utm_medium=api_v3_business_search&utm_source=kB3jQpdiKc9lL6CIZgA-eA
Zambrero,Dublin,2.7,17,Vault 9 The Station Building Park Place Hatch Street Upper Dublin 2 Republic of Ireland,+35315631800,https://www.yelp.com/biz/zambrero-dublin?adjust_creative=kB3jQpdiKc9lL6CIZgA-eA&utm_campaign=yelp_api_v3&utm_medium=api_v3_business_search&utm_source=kB3jQpdiKc9lL6CIZgA-eA
El Gringo Burrito,Dublin,4.0,1,Spar Capel Street Dublin 1 Republic of Ireland,,https://www.yelp.com/biz/el-gringo-burrito-dublin-2?adjust_creative=kB3jQpdiKc9lL6CIZgA-eA&utm_campaign=yelp_api_v3&utm_medium=api_v3_business_search&utm_source=kB3jQpdiKc9lL6CIZgA-eA
Yamamori,Dublin,4.0,94,12-13 South Great George's Street Dublin 2 Republic of Ireland,+35316458001,https://www.yelp.com/biz/yamamori-dublin-8?adjust_creative=kB3jQpdiKc9lL6CIZgA-eA&utm_campaign=yelp_api_v3&utm_medium=api_v3_business_search&utm_source=kB3jQpdiKc9lL6CIZgA-eA
Freshii,Dublin,4.0,5,Custom House Quay CHQ Building Dublin Republic of Ireland,,https://www.yelp.com/biz/freshii-dublin-2?adjust_creative=kB3jQpdiKc9lL6CIZgA-eA&utm_campaign=yelp_api_v3&utm_medium=api_v3_business_search&utm_source=kB3jQpdiKc9lL6CIZgA-eA
El Gringo Burrito,Dublin,3.2,18,Green & Baker Food Village Stephen's Green Shopping Centre Dublin 2 Republic of Ireland,+35312547820,https://www.yelp.com/biz/el-gringo-burrito-dublin?adjust_creative=kB3jQpdiKc9lL6CIZgA-eA&utm_campaign=yelp_api_v3&utm_medium=api_v3_business_search&utm_source=kB3jQpdiKc9lL6CIZgA-eA
Ukiyo Bar,Dublin,3.9,92,7-9 Exchequer Street Dublin 2 Republic of Ireland,+35316334071,https://www.yelp.com/biz/ukiyo-bar-dublin?adjust_creative=kB3jQpdiKc9lL6CIZgA-eA&utm_campaign=yelp_api_v3&utm_medium=api_v3_business_search&utm_source=kB3jQpdiKc9lL6CIZgA-eA
Boojum,Dublin,3.0,1,"Castle House, 73-83, Unit 3 2 South Great George's Street Dublin 2 Republic of Ireland",+35314254082,https://www.yelp.com/biz/boojum-dublin-11?adjust_creative=kB3jQpdiKc9lL6CIZgA-eA&utm_campaign=yelp_api_v3&utm_medium=api_v3_business_search&utm_source=kB3jQpdiKc9lL6CIZgA-eA
Cocu,Dublin,4.2,26,"9 Baggot Street Upper Ballsbridge, 4 Republic of Ireland",+353861303319,https://www.yelp.com/biz/cocu-ballsbridge?adjust_creative=kB3jQpdiKc9lL6CIZgA-eA&utm_campaign=yelp_api_v3&utm_medium=api_v3_business_search&utm_source=kB3jQpdiKc9lL6CIZgA-eA
Loco's Fresh Mexican Grill,Dublin,2.3,4,"7 The Hill Stillorgan Ballinteer, D16 YD68 Republic of Ireland",+35312100500,https://www.yelp.com/biz/locos-fresh-mexican-grill-ballinteer-5?adjust_creative=kB3jQpdiKc9lL6CIZgA-eA&utm_campaign=yelp_api_v3&utm_medium=api_v3_business_search&utm_source=kB3jQpdiKc9lL6CIZgA-eA
Maneki,Dublin,4.7,7,"43 Dawson Street Dublin 2, D02 NH42 Republic of Ireland",+35315610889,https://www.yelp.com/biz/maneki-dublin-2?adjust_creative=kB3jQpdiKc9lL6CIZgA-eA&utm_campaign=yelp_api_v3&utm_medium=api_v3_business_search&utm_source=kB3jQpdiKc9lL6CIZgA-eA
Rosie's Cafe,Dublin,4.1,35,1 Werburgh Street Christchurch Dublin 8 Republic of Ireland,+35314021829,https://www.yelp.com/biz/rosies-cafe-dublin-2?adjust_creative=kB3jQpdiKc9lL6CIZgA-eA&utm_campaign=yelp_api_v3&utm_medium=api_v3_business_search&utm_source=kB3jQpdiKc9lL6CIZgA-eA
Acapulco Mexican Restaurant,Dublin,3.1,101,7 South Great Georges Street Dublin 2 Republic of Ireland,+35316771085,https://www.yelp.com/biz/acapulco-mexican-restaurant-dublin?adjust_creative=kB3jQpdiKc9lL6CIZgA-eA&utm_campaign=yelp_api_v3&utm_medium=api_v3_business_search&utm_source=kB3jQpdiKc9lL6CIZgA-eA
Lunch!,Dublin,4.3,15,4 Lombard Street E Dublin 2 Republic of Ireland,+35314743080,https://www.yelp.com/biz/lunch-dublin?adjust_creative=kB3jQpdiKc9lL6CIZgA-eA&utm_campaign=yelp_api_v3&utm_medium=api_v3_business_search&utm_source=kB3jQpdiKc9lL6CIZgA-eA
Mosa Sushi Burrito,Dublin,3.0,3,2-3 Merchant's Arch Dublin 2 Republic of Ireland,+353834744561,https://www.yelp.com/biz/mosa-sushi-burrito-dublin-2?adjust_creative=kB3jQpdiKc9lL6CIZgA-eA&utm_campaign=yelp_api_v3&utm_medium=api_v3_business_search&utm_source=kB3jQpdiKc9lL6CIZgA-eA
The Ramen Bar,Dublin,4.2,161,Kokoro 51 William Street S Dublin 2 Republic of Ireland,+35315470658,https://www.yelp.com/biz/the-ramen-bar-dublin?adjust_creative=kB3jQpdiKc9lL6CIZgA-eA&utm_campaign=yelp_api_v3&utm_medium=api_v3_business_search&utm_source=kB3jQpdiKc9lL6CIZgA-eA
Coco & Green,Dublin,3.3,4,Heuston Station Dublin Republic of Ireland,,https://www.yelp.com/biz/coco-and-green-dublin?adjust_creative=kB3jQpdiKc9lL6CIZgA-eA&utm_campaign=yelp_api_v3&utm_medium=api_v3_business_search&utm_source=kB3jQpdiKc9lL6CIZgA-eA
The Wooden Spoon Cafe,Dublin,4.3,12,"3 Bath Place Blackrock, Co. Dublin Republic of Ireland",+35312835120,https://www.yelp.com/biz/the-wooden-spoon-cafe-blackrock?adjust_creative=kB3jQpdiKc9lL6CIZgA-eA&utm_campaign=yelp_api_v3&utm_medium=api_v3_business_search&utm_source=kB3jQpdiKc9lL6CIZgA-eA
Cafe Sora,Dublin,3.8,8,77 Sir John Rogerson's Quay Dublin 2 Republic of Ireland,+35315989890,https://www.yelp.com/biz/cafe-sora-dublin-2?adjust_creative=kB3jQpdiKc9lL6CIZgA-eA&utm_campaign=yelp_api_v3&utm_medium=api_v3_business_search&utm_source=kB3jQpdiKc9lL6CIZgA-eA
Cactus Jacks,Dublin,2.9,49,Millenium Walk Way Middle Abbey Street Dublin 1 Republic of Ireland,+35318746198,https://www.yelp.com/biz/cactus-jacks-dublin?adjust_creative=kB3jQpdiKc9lL6CIZgA-eA&utm_campaign=yelp_api_v3&utm_medium=api_v3_business_search&utm_source=kB3jQpdiKc9lL6CIZgA-eA
The Good Food Store,Dublin,3.9,9,24 South Great George's Street Dublin 2 Republic of Ireland,+35314443877,https://www.yelp.com/biz/the-good-food-store-dublin-2?adjust_creative=kB3jQpdiKc9lL6CIZgA-eA&utm_campaign=yelp_api_v3&utm_medium=api_v3_business_search&utm_source=kB3jQpdiKc9lL6CIZgA-eA
Seven Wonders,Dublin,4.4,35,Excise Walk IFSC Dublin 1 Republic of Ireland,+35316720212,https://www.yelp.com/biz/seven-wonders-dublin-2?adjust_creative=kB3jQpdiKc9lL6CIZgA-eA&utm_campaign=yelp_api_v3&utm_medium=api_v3_business_search&utm_source=kB3jQpdiKc9lL6CIZgA-eA
Stillorgan Orchard,Dublin,3.3,20,"1 The Hill Stillorgan, Co. Dublin Republic of Ireland",+35312886793,https://www.yelp.com/biz/stillorgan-orchard-stillorgan-2?adjust_creative=kB3jQpdiKc9lL6CIZgA-eA&utm_campaign=yelp_api_v3&utm_medium=api_v3_business_search&utm_source=kB3jQpdiKc9lL6CIZgA-eA
KC Peaches Cafe Dame Street,Dublin,4.0,61,54 Dame Street Dublin 2 Republic of Ireland,+35316770333,https://www.yelp.com/biz/kc-peaches-cafe-dame-street-dublin?adjust_creative=kB3jQpdiKc9lL6CIZgA-eA&utm_campaign=yelp_api_v3&utm_medium=api_v3_business_search&utm_source=kB3jQpdiKc9lL6CIZgA-eA
Mexico to Rome,Dublin,2.7,38,23 E Essex Street Temple Bar Dublin 2 Republic of Ireland,+35316772727,https://www.yelp.com/biz/mexico-to-rome-dublin?adjust_creative=kB3jQpdiKc9lL6CIZgA-eA&utm_campaign=yelp_api_v3&utm_medium=api_v3_business_search&utm_source=kB3jQpdiKc9lL6CIZgA-eA
Crave Cafe,Dublin,3.8,12,79 S Great Georges Street Dublin 2 Republic of Ireland,,https://www.yelp.com/biz/crave-cafe-dublin?adjust_creative=kB3jQpdiKc9lL6CIZgA-eA&utm_campaign=yelp_api_v3&utm_medium=api_v3_business_search&utm_source=kB3jQpdiKc9lL6CIZgA-eA
Irish Village Markets - Mespil Road,Dublin,4.3,11,Mespil Rd Dublin 4 Republic of Ireland,+35312940793,https://www.yelp.com/biz/irish-village-markets-mespil-road-dublin?adjust_creative=kB3jQpdiKc9lL6CIZgA-eA&utm_campaign=yelp_api_v3&utm_medium=api_v3_business_search&utm_source=kB3jQpdiKc9lL6CIZgA-eA
